Card,Color,Card Text,Card Movement,Card Direction,Code Movement,Code Direction,Button Exists,Button Has Command,Function Exists,Correct,Problems
1,blue,Move forward 2 spaces.,2,forward,2,forward,True,True,True,True,
2,blue,Move forward 3 spaces.,3,forward,3,forward,True,True,True,True,
3,blue,Move forward 2 spaces.,2,forward,2,forward,True,True,True,True,
4,blue,Move forward 1 space.,1,forward,1,forward,True,True,True,True,
5,blue,Move forward 3 spaces.,3,forward,3,forward,True,True,True,True,
6,blue,Move forward 2 spaces.,2,forward,2,forward,True,True,True,True,
7,blue,Move forward 2 spaces.,2,forward,2,forward,True,True,True,True,
8,blue,Move forward 3 spaces.,3,forward,3,forward,True,True,True,True,
9,blue,Move forward 2 spaces.,2,forward,2,forward,True,True,True,True,
10,blue,Move forward 3 spaces.,3,forward,3,forward,True,True,True,True,
11,red,Move forward 3 spaces.,3,forward,3,forward,True,True,True,True,
12,red,Move forward 2 spaces.,2,forward,2,forward,True,True,True,True,
13,red,Move forward 3 spaces.,3,forward,3,forward,True,True,True,True,
14,red,Move forward 3 spaces.,3,forward,3,forward,True,True,True,True,
15,red,Move forward 2 spaces.,2,forward,2,forward,True,True,True,True,
16,red,Move forward 2 spaces.,2,forward,2,forward,True,True,True,True,
17,red,Move forward 3 spaces.,3,forward,3,forward,True,True,True,True,
18,red,Move forward 3 spaces.,3,forward,3,forward,True,True,True,True,
19,red,Move forward 2 spaces.,2,forward,2,forward,True,True,True,True,
20,red,Move forward 3 spaces.,3,forward,3,forward,True,True,True,True,
21,green,Move forward 3 spaces.,3,forward,3,forward,True,True,True,True,
22,green,Move forward 2 spaces.,2,forward,2,forward,True,True,True,True,
23,green,Move forward 3 spaces.,3,forward,3,forward,True,True,True,True,
24,green,Move forward 2 spaces.,2,forward,2,forward,True,True,True,True,
25,green,Move forward 3 spaces.,3,forward,3,forward,True,True,True,True,
26,green,Move forward 3 spaces.,3,forward,3,forward,True,True,True,True,
27,green,Move forward 2 spaces.,2,forward,2,forward,True,True,True,True,
28,green,Move forward 3 spaces.,3,forward,3,forward,True,True,True,True,
29,green,Move forward 2 spaces.,2,forward,2,forward,True,True,True,True,
30,green,Move forward 3 spaces.,3,forward,3,forward,True,True,True,True,
31,yellow,Move forward 3 spaces.,3,forward,3,forward,True,True,True,True,
32,yellow,Move forward 3 spaces.,3,forward,3,forward,True,True,True,True,
33,yellow,Move forward 2 spaces.,2,forward,2,forward,True,True,True,True,
34,yellow,Move forward 3 spaces.,3,forward,3,forward,True,True,True,True,
35,yellow,Move forward 3 spaces.,3,forward,3,forward,True,True,True,True,
36,yellow,Move forward 3 spaces.,3,forward,3,forward,True,True,True,True,
37,yellow,Move forward 2 spaces.,2,forward,2,forward,True,True,True,True,
38,yellow,Move forward 3 spaces.,3,forward,3,forward,True,True,True,True,
39,yellow,Move forward 3 spaces.,3,forward,3,forward,True,True,True,True,
40,yellow,Move forward 3 spaces.,3,forward,3,forward,True,True,True,True,
41,brown,Move forward 3 spaces.,3,forward,3,forward,True,True,True,True,
42,brown,Move forward 3 spaces.,3,forward,3,forward,True,True,True,True,
43,brown,Move forward 2 spaces.,2,forward,2,forward,True,True,True,True,
44,brown,Move forward 3 spaces.,3,forward,3,forward,True,True,True,True,
45,brown,Move forward 3 spaces.,3,forward,3,forward,True,True,True,True,
46,brown,Move forward 3 spaces.,3,forward,3,forward,True,True,True,True,
47,brown,Move forward 2 spaces.,2,forward,2,forward,True,True,True,True,
48,brown,Move forward 3 spaces.,3,forward,3,forward,True,True,True,True,
49,brown,Move forward 3 spaces.,3,forward,3,forward,True,True,True,True,
50,brown,Move forward 3 spaces.,3,forward,3,forward,True,True,True,True,
51,purple,Move forward 3 spaces.,3,forward,3,forward,True,True,True,True,
52,purple,Move forward 2 spaces.,2,forward,2,forward,True,True,True,True,
53,purple,Move forward 3 spaces.,3,forward,3,forward,True,True,True,True,
54,purple,Move forward 3 spaces.,3,forward,3,forward,True,True,True,True,
55,purple,Move forward 3 spaces.,3,forward,3,forward,True,True,True,True,
56,purple,Move forward 3 spaces.,3,forward,3,forward,True,True,True,True,
57,purple,Move forward 2 spaces.,2,forward,2,forward,True,True,True,True,
58,purple,Move forward 3 spaces.,3,forward,3,forward,True,True,True,True,
59,purple,Move forward 3 spaces.,3,forward,3,forward,True,True,True,True,
60,purple,Move forward 3 spaces.,3,forward,3,forward,True,True,True,True,
61,orange,Move forward 2 spaces.,2,forward,2,forward,True,True,True,True,
62,orange,Move forward 3 spaces.,3,forward,3,forward,True,True,True,True,
63,orange,Move forward 3 spaces.,3,forward,3,forward,True,True,True,True,
64,orange,Move forward 3 spaces.,3,forward,3,forward,True,True,True,True,
65,orange,Move forward 3 spaces.,3,forward,3,forward,True,True,True,True,
66,orange,Move forward 2 spaces.,2,forward,2,forward,True,True,True,True,
67,orange,Move forward 3 spaces.,3,forward,3,forward,True,True,True,True,
68,orange,Move forward 3 spaces.,3,forward,3,forward,True,True,True,True,
69,orange,Move forward 3 spaces.,3,forward,3,forward,True,True,True,True,
70,orange,You move 2 spaces,2,,2,forward,True,True,True,False,No forward/backward in card
